method,shared,size,mode,accuracy,paired_accuracy_change_from32,paired_literal_change_from32,literal_first_line_accuracy,failure_label_changes_under_literal_metric,compound_constituent_recall,support_jaccard_to32,support_jaccard_across_seeds,residual_mean,coding_median_seconds
Submitted,Recomputed,32,full,0.2837578898225957,0.0,0.0,0.27895788982259573,0,0.6666666666666666,1.0,0.5996190476190476,0.7658923498170285,0.07259394973516464
Submitted,Recomputed,64,full,0.2560734827264239,-0.027684407096171804,-0.025551073762838477,0.25340681605975723,0,0.65,0.7152275132275132,0.5621269841269841,0.7444346877165838,0.1882210187613964
Submitted,Recomputed,128,full,0.22487338935574225,-0.05888450046685341,-0.057284500466853405,0.2216733893557423,0,0.65,0.6031111111111112,0.5977142857142858,0.7168604440791505,0.4863315373659134
Submitted,Recomputed,256,full,0.13730168067226892,-0.1464562091503268,-0.14592287581699348,0.13303501400560222,0,0.75,0.5578306878306878,0.6314338624338625,0.6955864511802691,1.3185580037534237
Submitted,Recomputed,32,shortlist32,0.2837578898225957,0.0,0.0,0.27895788982259573,0,0.6666666666666666,1.0,0.5996190476190476,0.7658923498170285,0.07225773110985756
Submitted,Recomputed,64,shortlist32,0.25621465919701214,-0.027543230625583573,-0.025943230625583572,0.25301465919701216,0,0.65,0.7152275132275132,0.5621269841269841,0.7444346858115118,0.22183582186698914
Submitted,Recomputed,128,shortlist32,0.22394789915966387,-0.05980999066293183,-0.05820999066293183,0.2207478991596639,0,0.65,0.6018095238095237,0.5986031746031748,0.7163579495796225,0.24830510094761848
Submitted,Recomputed,256,shortlist32,0.13756834733893558,-0.14618954248366015,-0.1456562091503268,0.13330168067226889,0,0.75,0.5578306878306878,0.6314338624338625,0.6955864520826736,0.26813723519444466
Submitted,Frozen,32,full,0.2837578898225957,0.0,0.0,0.27895788982259573,0,0.6666666666666666,1.0,0.5996190476190476,0.7658923498170285,0.06956677883863449
Submitted,Frozen,64,full,0.28350233426704013,-0.00025555555555555173,0.00027777777777777946,0.2792356676003735,0,0.6666666666666666,0.8554497354497353,0.5634285714285715,0.770505912315127,0.17465002089738846
Submitted,Frozen,128,full,0.2840356676003735,0.0002777777777777857,0.0010777777777777814,0.2800356676003735,0,0.6166666666666666,0.8074973544973545,0.5353015873015874,0.7727079136044278,0.39235980063676834
Submitted,Frozen,256,full,0.28430233426704016,0.0005444444444444563,0.0008111111111111169,0.2797690009337068,0,0.6166666666666666,0.7932433862433862,0.5300634920634922,0.7753333569932537,1.0297797694802284
Submitted,Frozen,32,shortlist32,0.2837578898225957,0.0,0.0,0.27895788982259573,0,0.6666666666666666,1.0,0.5996190476190476,0.7658923498170285,0.06838728114962578
Submitted,Frozen,64,shortlist32,0.28456900093370685,0.0008111111111111156,0.001077777777777783,0.2800356676003735,0,0.6666666666666666,0.8527830687830688,0.5674285714285714,0.7705178141141131,0.2633380591869354
Submitted,Frozen,128,shortlist32,0.2861578898225957,0.0024000000000000115,0.002933333333333341,0.281891223155929,0,0.6333333333333334,0.7814973544973545,0.542063492063492,0.7713208667259002,0.2585962153971195
Submitted,Frozen,256,shortlist32,0.2833971055088702,-0.00036078431372547627,-9.41176470588156e-05,0.2788637721755369,0,0.6333333333333334,0.7502910052910053,0.5188253968253967,0.7732065230528307,0.27050434798002243
Contextual,Recomputed,32,full,0.5810458450046686,0.0,0.0,0.5559791783380018,0,0.8833333333333334,1.0,0.7122539682539683,0.6840250571541031,0.08777938410639763
Contextual,Recomputed,64,full,0.5841566760037348,0.003110830999066311,0.009510830999066338,0.5654900093370682,0,0.8833333333333334,0.7636666666666667,0.7406031746031746,0.6613228616920336,0.21389562264084816
Contextual,Recomputed,128,full,0.5830789915966387,0.0020331465919701274,0.007633146591970139,0.5636123249299719,0,0.9,0.713047619047619,0.7223492063492064,0.6417541574513801,0.549190104007721
Contextual,Recomputed,256,full,0.569426050420168,-0.011619794584500447,-0.014553127917833777,0.541426050420168,1,0.8833333333333332,0.6244021164021164,0.6955238095238094,0.6260704170926827,1.299851018935442
Contextual,Recomputed,32,shortlist32,0.5810458450046686,0.0,0.0,0.5559791783380018,0,0.8833333333333334,1.0,0.7122539682539683,0.6840250571541031,0.08901025727391243
Contextual,Recomputed,64,shortlist32,0.5848154995331466,0.003769654528478072,0.010169654528478098,0.56614883286648,0,0.8833333333333334,0.7599206349206349,0.7361587301587301,0.6610501701739949,0.22624624893069267
Contextual,Recomputed,128,shortlist32,0.5829535014005603,0.0019076563958916948,0.007507656395891706,0.5634868347338935,0,0.9,0.7086031746031747,0.7267936507936509,0.6414078317898511,0.23755595088005066
Contextual,Recomputed,256,shortlist32,0.5700848739495799,-0.010960971055088682,-0.01362763772175534,0.5423515406162465,1,0.8833333333333332,0.6232592592592592,0.6911746031746031,0.625526660408082,0.24859631806612015
Contextual,Frozen,32,full,0.5810458450046686,0.0,0.0,0.5559791783380018,0,0.8833333333333334,1.0,0.7122539682539683,0.6840250571541033,0.0863950178027153
Contextual,Frozen,64,full,0.587746218487395,0.006700373482726416,0.006167040149393106,0.562146218487395,0,0.7666666666666667,0.7827460317460316,0.6963809523809523,0.6961790540844541,0.17748339101672173
Contextual,Frozen,128,full,0.5925573295985062,0.011511484593837534,0.010711484593837542,0.5666906629318395,0,0.7666666666666666,0.7035767195767195,0.6759682539682539,0.7043172952545738,0.36669665947556496
Contextual,Frozen,256,full,0.5920128851540616,0.010967040149393092,0.009367040149393109,0.565346218487395,0,0.7666666666666666,0.64605291005291,0.6626984126984127,0.7076069152976746,0.6532893814146519
Contextual,Frozen,32,shortlist32,0.5810458450046686,0.0,0.0,0.5559791783380018,0,0.8833333333333334,1.0,0.7122539682539683,0.6840250571541033,0.08596286922693253
Contextual,Frozen,64,shortlist32,0.5877573295985061,0.006711484593837533,0.006444817927170874,0.5624239962651728,0,0.7333333333333333,0.7638571428571429,0.7064444444444443,0.6958428679189238,0.2619645670056343
Contextual,Frozen,128,shortlist32,0.5911141923436041,0.010068347338935574,0.009001680672268919,0.5649808590102708,0,0.6833333333333333,0.6412169312169312,0.6656825396825397,0.6983731405969097,0.20843364298343658
Contextual,Frozen,256,shortlist32,0.591757329598506,0.010711484593837537,0.009378151260504213,0.565357329598506,0,0.6833333333333333,0.5707089947089947,0.6443174603174602,0.6996758273506078,0.21274547278881073
