split,suite,rank,method,accuracy
confirm,heldout_known,0,Contextual CASS,0.4498843537414966
confirm,heldout_known,1,Contextual CASS,0.5022176870748299
confirm,heldout_known,2,Contextual CASS,0.4752108843537416
confirm,heldout_known,4,Contextual CASS,0.35944897959183675
confirm,heldout_known,0,Correction off,0.4181904761904761
confirm,heldout_known,1,Correction off,0.48723129251700675
confirm,heldout_known,2,Correction off,0.4595442176870749
confirm,heldout_known,4,Correction off,0.3584557823129252
confirm,novel,0,Contextual CASS,0.5327989417989418
confirm,novel,1,Contextual CASS,0.6554947089947091
confirm,novel,2,Contextual CASS,0.6407619047619046
confirm,novel,4,Contextual CASS,0.5302989417989418
confirm,novel,0,Correction off,0.49036243386243394
confirm,novel,1,Correction off,0.629021164021164
confirm,novel,2,Correction off,0.6266931216931216
confirm,novel,4,Correction off,0.5187777777777778
confirm,compound,0,Contextual CASS,0.4116078431372549
confirm,compound,1,Contextual CASS,0.4693725490196079
confirm,compound,2,Contextual CASS,0.47858823529411765
confirm,compound,4,Contextual CASS,0.3409803921568627
confirm,compound,0,Correction off,0.37741176470588234
confirm,compound,1,Correction off,0.4543921568627451
confirm,compound,2,Correction off,0.46066666666666656
confirm,compound,4,Correction off,0.3323921568627451
fresh,heldout_known,0,Contextual CASS,0.45933333333333326
fresh,heldout_known,1,Contextual CASS,0.505
fresh,heldout_known,2,Contextual CASS,0.481
fresh,heldout_known,4,Contextual CASS,0.36266666666666664
fresh,heldout_known,0,Correction off,0.43199999999999994
fresh,heldout_known,1,Correction off,0.48666666666666664
fresh,heldout_known,2,Correction off,0.4583333333333332
fresh,heldout_known,4,Correction off,0.35566666666666663
fresh,novel,0,Contextual CASS,0.5457777777777776
fresh,novel,1,Contextual CASS,0.6457777777777777
fresh,novel,2,Contextual CASS,0.6288888888888889
fresh,novel,4,Contextual CASS,0.5217777777777777
fresh,novel,0,Correction off,0.5035555555555555
fresh,novel,1,Correction off,0.6208888888888888
fresh,novel,2,Correction off,0.6173333333333334
fresh,novel,4,Correction off,0.5124444444444444
fresh,compound,0,Contextual CASS,0.3893333333333333
fresh,compound,1,Contextual CASS,0.46399999999999997
fresh,compound,2,Contextual CASS,0.46933333333333327
fresh,compound,4,Contextual CASS,0.3326666666666667
fresh,compound,0,Correction off,0.36466666666666664
fresh,compound,1,Correction off,0.4586666666666666
fresh,compound,2,Correction off,0.45666666666666667
fresh,compound,4,Correction off,0.3246666666666666
