task,cass,replace,true_support,zvec,znorm,threshold,route,routed_cass,routed_true_support,routed_zvec
antonym+capitalize,0.0,0.28,0.0,0.006666666666666667,5.450380238790632,5.125,compose,0.0,0.0,0.006666666666666667
antonym+capitalize-first-letter,0.0,0.05333333333333334,0.0,0.0,1.5340310943794215,5.125,replace,0.05333333333333334,0.05333333333333334,0.05333333333333334
country-capital+lowercase-first-letter,0.0,0.12666666666666668,0.0,0.0,1.4893207428224802,5.125,replace,0.12666666666666668,0.12666666666666668,0.12666666666666668
country-capital+word-length,0.0,0.0,0.0,0.0,0.7639534408705394,5.125,replace,0.0,0.0,0.0
english-french+capitalize,0.09333333333333334,0.06666666666666667,0.09333333333333334,0.06666666666666667,6.022582977717941,5.125,compose,0.09333333333333334,0.09333333333333334,0.06666666666666667
next-item+capitalize,0.1372549019607843,0.2058823529411765,0.16666666666666663,0.13725490196078427,4.9561214528074276,5.125,replace,0.2058823529411765,0.2058823529411765,0.2058823529411765
present-past+capitalize,0.34,0.34,0.49333333333333335,0.37333333333333335,6.696202390493464,5.125,compose,0.34,0.49333333333333335,0.37333333333333335
present-past+capitalize-first-letter,0.0,0.9666666666666667,0.0,0.0,4.5775320460723945,5.125,replace,0.9666666666666667,0.9666666666666667,0.9666666666666667
singular-plural+capitalize,0.8466666666666667,0.22,0.8333333333333334,0.7399999999999999,6.893684056233618,5.125,compose,0.8466666666666667,0.8333333333333334,0.7399999999999999
synonym+capitalize,0.03333333333333333,0.21333333333333335,0.02,0.02666666666666667,5.071260426504632,5.125,replace,0.21333333333333335,0.21333333333333335,0.21333333333333335
