task,seed,condition,acc,gate,support,matched_coherence
antonym+capitalize,0,inferred,0.0,0.7237585547559338,antonym|capitalize|prev-item,
antonym+capitalize,0,no_correction,0.0,0.7237585547559338,antonym|capitalize|prev-item,
antonym+capitalize,0,true_correction,0.0,0.7237585547559338,antonym|capitalize,
antonym+capitalize,0,z_only,0.0,,antonym|capitalize|prev-item,
antonym+capitalize,0,true_support,0.0,0.6321554345740196,antonym|capitalize,
antonym+capitalize,0,replace,0.28,,antonym|capitalize|prev-item,
antonym+capitalize,0,wrong_0,0.0,0.7237585547559338,verb-from-list|person-instrument|product-company,True
antonym+capitalize,0,wrong_1,0.0,0.7237585547559338,fruit-from-list|country-capital|present-past,True
antonym+capitalize,0,wrong_2,0.0,0.7237585547559338,english-german|product-company|person-instrument,True
antonym+capitalize,1,inferred,0.0,0.6921565751310826,antonym|capitalize|next-item,
antonym+capitalize,1,no_correction,0.02,0.6921565751310826,antonym|capitalize|next-item,
antonym+capitalize,1,true_correction,0.0,0.6921565751310826,antonym|capitalize,
antonym+capitalize,1,z_only,0.02,,antonym|capitalize|next-item,
antonym+capitalize,1,true_support,0.0,0.6149202799770008,antonym|capitalize,
antonym+capitalize,1,replace,0.3,,antonym|capitalize|next-item,
antonym+capitalize,1,wrong_0,0.02,0.6921565751310826,product-company|verb-from-list|person-instrument,True
antonym+capitalize,1,wrong_1,0.02,0.6921565751310826,person-instrument|product-company|alphabetically-first,True
antonym+capitalize,1,wrong_2,0.02,0.6921565751310826,person-instrument|product-company|english-german,True
antonym+capitalize,2,inferred,0.0,0.6708932865732558,antonym|capitalize|next-item|prev-item,
antonym+capitalize,2,no_correction,0.0,0.6708932865732558,antonym|capitalize|next-item|prev-item,
antonym+capitalize,2,true_correction,0.0,0.6708932865732558,antonym|capitalize,
antonym+capitalize,2,z_only,0.0,,antonym|capitalize|next-item|prev-item,
antonym+capitalize,2,true_support,0.0,0.5710048858000949,antonym|capitalize,
antonym+capitalize,2,replace,0.26,,antonym|capitalize|next-item|prev-item,
antonym+capitalize,2,wrong_0,0.0,0.6708932865732558,alphabetically-first|present-past|synonym|choose-first-of-list,True
antonym+capitalize,2,wrong_1,0.0,0.6708932865732558,capitalize-first-letter|choose-last-of-list|next-capital-letter|verb-from-list,True
antonym+capitalize,2,wrong_2,0.0,0.6708932865732558,capitalize-first-letter|color-from-list|fruit-from-list|next-capital-letter,True
synonym+capitalize,0,inferred,0.02,0.6446597235619915,synonym|english-french|english-german,
synonym+capitalize,0,no_correction,0.02,0.6446597235619915,synonym|english-french|english-german,
synonym+capitalize,0,true_correction,0.02,0.6446597235619915,synonym|capitalize,
synonym+capitalize,0,z_only,0.02,,synonym|english-french|english-german,
synonym+capitalize,0,true_support,0.02,0.6049615345821947,synonym|capitalize,
synonym+capitalize,0,replace,0.22,,synonym|english-french|english-german,
synonym+capitalize,0,wrong_0,0.0,0.6446597235619915,verb-from-list|fruit-from-list|color-from-list,True
synonym+capitalize,0,wrong_1,0.0,0.6446597235619915,verb-from-list|animal-from-list|fruit-from-list,True
synonym+capitalize,0,wrong_2,0.0,0.6446597235619915,verb-from-list|alphabetically-last|fruit-from-list,True
synonym+capitalize,1,inferred,0.02,0.754290605969301,synonym|english-french|english-german|english-spanish,
synonym+capitalize,1,no_correction,0.04,0.754290605969301,synonym|english-french|english-german|english-spanish,
synonym+capitalize,1,true_correction,0.02,0.754290605969301,synonym|capitalize,
synonym+capitalize,1,z_only,0.04,,synonym|english-french|english-german|english-spanish,
synonym+capitalize,1,true_support,0.02,0.6920885479362058,synonym|capitalize,
synonym+capitalize,1,replace,0.2,,synonym|english-french|english-german|english-spanish,
synonym+capitalize,1,wrong_0,0.0,0.754290605969301,alphabetically-last|verb-from-list|choose-last-of-list|fruit-from-list,True
synonym+capitalize,1,wrong_1,0.0,0.754290605969301,choose-last-of-list|verb-from-list|fruit-from-list|alphabetically-first,True
synonym+capitalize,1,wrong_2,0.02,0.754290605969301,color-from-list|choose-last-of-list|fruit-from-list|alphabetically-last,True
synonym+capitalize,2,inferred,0.02,0.6940629845297082,antonym|synonym|english-german|alphabetically-first|choose-last-of-list,
synonym+capitalize,2,no_correction,0.04,0.6940629845297082,antonym|synonym|english-german|alphabetically-first|choose-last-of-list,
synonym+capitalize,2,true_correction,0.02,0.6940629845297082,synonym|capitalize,
synonym+capitalize,2,z_only,0.04,,antonym|synonym|english-german|alphabetically-first|choose-last-of-list,
synonym+capitalize,2,true_support,0.02,0.6779927634348729,synonym|capitalize,
synonym+capitalize,2,replace,0.26,,antonym|synonym|english-german|alphabetically-first|choose-last-of-list,
synonym+capitalize,2,wrong_0,0.04,0.6940629845297082,english-spanish|english-french|country-capital|color-from-list|choose-middle-of-list,True
synonym+capitalize,2,wrong_1,0.04,0.6940629845297082,english-spanish|english-french|choose-middle-of-list|present-past|person-sport,True
synonym+capitalize,2,wrong_2,0.04,0.6940629845297082,fruit-from-list|english-french|color-from-list|english-spanish|country-capital,True
present-past+capitalize,0,inferred,0.32,0.7386491883977653,present-past|singular-plural|capitalize|english-french,
present-past+capitalize,0,no_correction,0.3,0.7386491883977653,present-past|singular-plural|capitalize|english-french,
present-past+capitalize,0,true_correction,0.4,0.7386491883977653,present-past|capitalize,
present-past+capitalize,0,z_only,0.3,,present-past|singular-plural|capitalize|english-french,
present-past+capitalize,0,true_support,0.32,0.7071123638515394,present-past|capitalize,
present-past+capitalize,0,replace,0.34,,present-past|singular-plural|capitalize|english-french,
present-past+capitalize,0,wrong_0,0.2,0.7386491883977653,product-company|person-instrument|person-sport|country-currency,True
present-past+capitalize,0,wrong_1,0.1,0.7386491883977653,choose-last-of-list|choose-first-of-list|fruit-from-list|english-spanish,True
present-past+capitalize,0,wrong_2,0.36,0.7386491883977653,choose-first-of-list|animal-from-list|english-spanish|color-from-list,False
present-past+capitalize,1,inferred,0.14,0.7268321358299835,present-past|capitalize|english-french,
present-past+capitalize,1,no_correction,0.28,0.7268321358299835,present-past|capitalize|english-french,
present-past+capitalize,1,true_correction,0.48,0.7268321358299835,present-past|capitalize,
present-past+capitalize,1,z_only,0.28,,present-past|capitalize|english-french,
present-past+capitalize,1,true_support,0.42,0.7091976110992112,present-past|capitalize,
present-past+capitalize,1,replace,0.34,,present-past|capitalize|english-french,
present-past+capitalize,1,wrong_0,0.2,0.7268321358299835,product-company|person-occupation|country-currency,True
present-past+capitalize,1,wrong_1,0.24,0.7268321358299835,person-instrument|person-occupation|country-currency,True
present-past+capitalize,1,wrong_2,0.3,0.7268321358299835,country-currency|person-sport|product-company,False
present-past+capitalize,2,inferred,0.62,0.6964117856281226,present-past|singular-plural|capitalize|english-french|english-spanish,
present-past+capitalize,2,no_correction,0.48,0.6964117856281226,present-past|singular-plural|capitalize|english-french|english-spanish,
present-past+capitalize,2,true_correction,0.76,0.6964117856281226,present-past|capitalize,
present-past+capitalize,2,z_only,0.48,,present-past|singular-plural|capitalize|english-french|english-spanish,
present-past+capitalize,2,true_support,0.74,0.6779703220432507,present-past|capitalize,
present-past+capitalize,2,replace,0.34,,present-past|singular-plural|capitalize|english-french|english-spanish,
present-past+capitalize,2,wrong_0,0.12,0.6964117856281226,fruit-from-list|choose-last-of-list|alphabetically-first|capitalize-first-letter|verb-from-list,True
present-past+capitalize,2,wrong_1,0.44,0.6964117856281226,synonym|choose-last-of-list|alphabetically-last|verb-from-list|fruit-from-list,True
present-past+capitalize,2,wrong_2,0.24,0.6964117856281226,color-from-list|choose-last-of-list|alphabetically-first|animal-from-list|country-capital,True
singular-plural+capitalize,0,inferred,0.8,0.6994403054398218,present-past|singular-plural|capitalize,
singular-plural+capitalize,0,no_correction,0.72,0.6994403054398218,present-past|singular-plural|capitalize,
singular-plural+capitalize,0,true_correction,0.82,0.6994403054398218,singular-plural|capitalize,
singular-plural+capitalize,0,z_only,0.72,,present-past|singular-plural|capitalize,
singular-plural+capitalize,0,true_support,0.82,0.7033845292213593,singular-plural|capitalize,
singular-plural+capitalize,0,replace,0.22,,present-past|singular-plural|capitalize,
singular-plural+capitalize,0,wrong_0,0.7,0.6994403054398218,synonym|antonym|english-german,True
singular-plural+capitalize,0,wrong_1,0.48,0.6994403054398218,english-spanish|synonym|antonym,True
singular-plural+capitalize,0,wrong_2,0.34,0.6994403054398218,english-french|synonym|antonym,True
singular-plural+capitalize,1,inferred,0.92,0.6650937099769464,present-past|singular-plural|capitalize|alphabetically-last|choose-middle-of-list,
singular-plural+capitalize,1,no_correction,0.82,0.6650937099769464,present-past|singular-plural|capitalize|alphabetically-last|choose-middle-of-list,
singular-plural+capitalize,1,true_correction,0.92,0.6650937099769464,singular-plural|capitalize,
singular-plural+capitalize,1,z_only,0.82,,present-past|singular-plural|capitalize|alphabetically-last|choose-middle-of-list,
singular-plural+capitalize,1,true_support,0.92,0.6689153739349173,singular-plural|capitalize,
singular-plural+capitalize,1,replace,0.22,,present-past|singular-plural|capitalize|alphabetically-last|choose-middle-of-list,
singular-plural+capitalize,1,wrong_0,0.86,0.6650937099769464,english-french|choose-first-of-list|english-german|color-from-list|english-spanish,True
singular-plural+capitalize,1,wrong_1,0.9,0.6650937099769464,alphabetically-first|choose-last-of-list|color-from-list|verb-from-list|capitalize-last-letter,True
singular-plural+capitalize,1,wrong_2,0.84,0.6650937099769464,english-german|english-french|antonym|verb-from-list|english-spanish,True
singular-plural+capitalize,2,inferred,0.76,0.6687061080446258,present-past|singular-plural|capitalize,
singular-plural+capitalize,2,no_correction,0.62,0.6687061080446258,present-past|singular-plural|capitalize,
singular-plural+capitalize,2,true_correction,0.8,0.6687061080446258,singular-plural|capitalize,
singular-plural+capitalize,2,z_only,0.62,,present-past|singular-plural|capitalize,
singular-plural+capitalize,2,true_support,0.78,0.6778435450208949,singular-plural|capitalize,
singular-plural+capitalize,2,replace,0.22,,present-past|singular-plural|capitalize,
singular-plural+capitalize,2,wrong_0,0.38,0.6687061080446258,person-sport|person-occupation|person-instrument,True
singular-plural+capitalize,2,wrong_1,0.48,0.6687061080446258,synonym|english-french|antonym,True
singular-plural+capitalize,2,wrong_2,0.36,0.6687061080446258,product-company|person-instrument|person-sport,False
english-french+capitalize,0,inferred,0.08,0.726804437211314,english-french|english-german|english-spanish|alphabetically-first|choose-middle-of-list,
english-french+capitalize,0,no_correction,0.04,0.726804437211314,english-french|english-german|english-spanish|alphabetically-first|choose-middle-of-list,
english-french+capitalize,0,true_correction,0.04,0.726804437211314,english-french|capitalize,
english-french+capitalize,0,z_only,0.04,,english-french|english-german|english-spanish|alphabetically-first|choose-middle-of-list,
english-french+capitalize,0,true_support,0.04,0.6986808866292961,english-french|capitalize,
english-french+capitalize,0,replace,0.06,,english-french|english-german|english-spanish|alphabetically-first|choose-middle-of-list,
english-french+capitalize,0,wrong_0,0.0,0.726804437211314,fruit-from-list|alphabetically-last|animal-from-list|person-occupation|choose-last-of-list,True
english-french+capitalize,0,wrong_1,0.04,0.726804437211314,choose-last-of-list|prev-item|animal-from-list|choose-first-of-list|alphabetically-last,True
english-french+capitalize,0,wrong_2,0.04,0.726804437211314,choose-last-of-list|verb-from-list|antonym|alphabetically-last|animal-from-list,True
english-french+capitalize,1,inferred,0.2,0.7223746509663038,english-french|english-german|english-spanish|alphabetically-first|choose-middle-of-list,
english-french+capitalize,1,no_correction,0.06,0.7223746509663038,english-french|english-german|english-spanish|alphabetically-first|choose-middle-of-list,
english-french+capitalize,1,true_correction,0.08,0.7223746509663038,english-french|capitalize,
english-french+capitalize,1,z_only,0.06,,english-french|english-german|english-spanish|alphabetically-first|choose-middle-of-list,
english-french+capitalize,1,true_support,0.14,0.6635605374507901,english-french|capitalize,
english-french+capitalize,1,replace,0.08,,english-french|english-german|english-spanish|alphabetically-first|choose-middle-of-list,
english-french+capitalize,1,wrong_0,0.06,0.7223746509663038,choose-last-of-list|animal-from-list|alphabetically-last|verb-from-list|prev-item,True
english-french+capitalize,1,wrong_1,0.1,0.7223746509663038,alphabetically-last|choose-last-of-list|person-occupation|animal-from-list|color-from-list,True
english-french+capitalize,1,wrong_2,0.1,0.7223746509663038,person-instrument|alphabetically-last|choose-last-of-list|fruit-from-list|choose-first-of-list,True
english-french+capitalize,2,inferred,0.06,0.6601899903935557,capitalize|english-french|english-german|english-spanish,
english-french+capitalize,2,no_correction,0.08,0.6601899903935557,capitalize|english-french|english-german|english-spanish,
english-french+capitalize,2,true_correction,0.1,0.6601899903935557,english-french|capitalize,
english-french+capitalize,2,z_only,0.08,,capitalize|english-french|english-german|english-spanish,
english-french+capitalize,2,true_support,0.08,0.6534632298283038,english-french|capitalize,
english-french+capitalize,2,replace,0.06,,capitalize|english-french|english-german|english-spanish,
english-french+capitalize,2,wrong_0,0.12,0.6601899903935557,alphabetically-first|alphabetically-last|singular-plural|choose-middle-of-list,True
english-french+capitalize,2,wrong_1,0.12,0.6601899903935557,choose-last-of-list|alphabetically-last|alphabetically-first|singular-plural,True
english-french+capitalize,2,wrong_2,0.04,0.6601899903935557,alphabetically-last|singular-plural|animal-from-list|choose-middle-of-list,True
next-item+capitalize,0,inferred,0.14705882352941177,0.6054486975405267,next-item|prev-item,
next-item+capitalize,0,no_correction,0.11764705882352941,0.6054486975405267,next-item|prev-item,
next-item+capitalize,0,true_correction,0.14705882352941177,0.6054486975405267,next-item|capitalize,
next-item+capitalize,0,z_only,0.11764705882352941,,next-item|prev-item,
next-item+capitalize,0,true_support,0.14705882352941177,0.5728748654384666,next-item|capitalize,
next-item+capitalize,0,replace,0.23529411764705882,,next-item|prev-item,
next-item+capitalize,0,wrong_0,0.029411764705882353,0.6054486975405267,alphabetically-first|choose-first-of-list,True
next-item+capitalize,0,wrong_1,0.11764705882352941,0.6054486975405267,capitalize-last-letter|next-capital-letter,True
next-item+capitalize,0,wrong_2,0.08823529411764706,0.6054486975405267,next-capital-letter|capitalize-first-letter,True
next-item+capitalize,1,inferred,0.08823529411764706,0.57966312654732,next-item|prev-item|next-capital-letter,
next-item+capitalize,1,no_correction,0.08823529411764706,0.57966312654732,next-item|prev-item|next-capital-letter,
next-item+capitalize,1,true_correction,0.11764705882352941,0.57966312654732,next-item|capitalize,
next-item+capitalize,1,z_only,0.08823529411764706,,next-item|prev-item|next-capital-letter,
next-item+capitalize,1,true_support,0.11764705882352941,0.5382570546447746,next-item|capitalize,
next-item+capitalize,1,replace,0.058823529411764705,,next-item|prev-item|next-capital-letter,
next-item+capitalize,1,wrong_0,0.0,0.57966312654732,choose-first-of-list|alphabetically-first|person-occupation,True
next-item+capitalize,1,wrong_1,0.08823529411764706,0.57966312654732,capitalize-first-letter|choose-middle-of-list|lowercase-first-letter,True
next-item+capitalize,1,wrong_2,0.08823529411764706,0.57966312654732,person-instrument|choose-first-of-list|alphabetically-first,True
next-item+capitalize,2,inferred,0.23529411764705882,0.6415739523764169,next-item|prev-item,
next-item+capitalize,2,no_correction,0.20588235294117646,0.6415739523764169,next-item|prev-item,
next-item+capitalize,2,true_correction,0.23529411764705882,0.6415739523764169,next-item|capitalize,
next-item+capitalize,2,z_only,0.20588235294117646,,next-item|prev-item,
next-item+capitalize,2,true_support,0.23529411764705882,0.6192918931239388,next-item|capitalize,
next-item+capitalize,2,replace,0.29411764705882354,,next-item|prev-item,
next-item+capitalize,2,wrong_0,0.11764705882352941,0.6415739523764169,alphabetically-first|choose-first-of-list,True
next-item+capitalize,2,wrong_1,0.23529411764705882,0.6415739523764169,capitalize-last-letter|next-capital-letter,True
next-item+capitalize,2,wrong_2,0.23529411764705882,0.6415739523764169,capitalize-first-letter|next-capital-letter,True
antonym+capitalize-first-letter,0,inferred,0.0,0.0,capitalize-first-letter|capitalize-last-letter|lowercase-first-letter|next-capital-letter|word-length,
antonym+capitalize-first-letter,0,no_correction,0.0,0.0,capitalize-first-letter|capitalize-last-letter|lowercase-first-letter|next-capital-letter|word-length,
antonym+capitalize-first-letter,0,true_correction,0.0,0.0,antonym|capitalize-first-letter,
antonym+capitalize-first-letter,0,z_only,0.0,,capitalize-first-letter|capitalize-last-letter|lowercase-first-letter|next-capital-letter|word-length,
antonym+capitalize-first-letter,0,true_support,0.0,0.0,antonym|capitalize-first-letter,
antonym+capitalize-first-letter,0,replace,0.02,,capitalize-first-letter|capitalize-last-letter|lowercase-first-letter|next-capital-letter|word-length,
antonym+capitalize-first-letter,0,wrong_0,0.0,0.0,choose-last-of-list|alphabetically-first|verb-from-list|choose-first-of-list|singular-plural,True
antonym+capitalize-first-letter,0,wrong_1,0.0,0.0,verb-from-list|capitalize|animal-from-list|choose-last-of-list|alphabetically-first,True
antonym+capitalize-first-letter,0,wrong_2,0.0,0.0,color-from-list|capitalize|alphabetically-last|fruit-from-list|animal-from-list,True
antonym+capitalize-first-letter,1,inferred,0.0,0.0,capitalize-first-letter|capitalize-last-letter|lowercase-first-letter|next-capital-letter,
antonym+capitalize-first-letter,1,no_correction,0.0,0.0,capitalize-first-letter|capitalize-last-letter|lowercase-first-letter|next-capital-letter,
antonym+capitalize-first-letter,1,true_correction,0.0,0.0,antonym|capitalize-first-letter,
antonym+capitalize-first-letter,1,z_only,0.0,,capitalize-first-letter|capitalize-last-letter|lowercase-first-letter|next-capital-letter,
antonym+capitalize-first-letter,1,true_support,0.0,0.0,antonym|capitalize-first-letter,
antonym+capitalize-first-letter,1,replace,0.14,,capitalize-first-letter|capitalize-last-letter|lowercase-first-letter|next-capital-letter,
antonym+capitalize-first-letter,1,wrong_0,0.0,0.0,choose-last-of-list|animal-from-list|alphabetically-last|choose-first-of-list,True
antonym+capitalize-first-letter,1,wrong_1,0.0,0.0,verb-from-list|choose-last-of-list|animal-from-list|alphabetically-last,True
antonym+capitalize-first-letter,1,wrong_2,0.0,0.0,choose-first-of-list|alphabetically-first|fruit-from-list|animal-from-list,False
antonym+capitalize-first-letter,2,inferred,0.0,0.0,capitalize-first-letter|capitalize-last-letter|lowercase-first-letter|next-capital-letter,
antonym+capitalize-first-letter,2,no_correction,0.0,0.0,capitalize-first-letter|capitalize-last-letter|lowercase-first-letter|next-capital-letter,
antonym+capitalize-first-letter,2,true_correction,0.0,0.0,antonym|capitalize-first-letter,
antonym+capitalize-first-letter,2,z_only,0.0,,capitalize-first-letter|capitalize-last-letter|lowercase-first-letter|next-capital-letter,
antonym+capitalize-first-letter,2,true_support,0.0,0.0,antonym|capitalize-first-letter,
antonym+capitalize-first-letter,2,replace,0.0,,capitalize-first-letter|capitalize-last-letter|lowercase-first-letter|next-capital-letter,
antonym+capitalize-first-letter,2,wrong_0,0.0,0.0,choose-first-of-list|animal-from-list|choose-last-of-list|alphabetically-last,True
antonym+capitalize-first-letter,2,wrong_1,0.0,0.0,animal-from-list|choose-first-of-list|verb-from-list|alphabetically-first,True
antonym+capitalize-first-letter,2,wrong_2,0.0,0.0,animal-from-list|choose-last-of-list|fruit-from-list|alphabetically-last,False
present-past+capitalize-first-letter,0,inferred,0.0,0.663956816488571,capitalize-first-letter|capitalize-last-letter|lowercase-first-letter|next-capital-letter|word-length,
present-past+capitalize-first-letter,0,no_correction,0.0,0.663956816488571,capitalize-first-letter|capitalize-last-letter|lowercase-first-letter|next-capital-letter|word-length,
present-past+capitalize-first-letter,0,true_correction,0.0,0.663956816488571,present-past|capitalize-first-letter,
present-past+capitalize-first-letter,0,z_only,0.0,,capitalize-first-letter|capitalize-last-letter|lowercase-first-letter|next-capital-letter|word-length,
present-past+capitalize-first-letter,0,true_support,0.0,0.6404174604044717,present-past|capitalize-first-letter,
present-past+capitalize-first-letter,0,replace,0.96,,capitalize-first-letter|capitalize-last-letter|lowercase-first-letter|next-capital-letter|word-length,
present-past+capitalize-first-letter,0,wrong_0,0.0,0.663956816488571,choose-middle-of-list|animal-from-list|choose-last-of-list|fruit-from-list|capitalize,True
present-past+capitalize-first-letter,0,wrong_1,0.0,0.663956816488571,verb-from-list|singular-plural|animal-from-list|choose-middle-of-list|choose-first-of-list,True
present-past+capitalize-first-letter,0,wrong_2,0.0,0.663956816488571,capitalize|fruit-from-list|alphabetically-last|verb-from-list|animal-from-list,True
present-past+capitalize-first-letter,1,inferred,0.0,0.7260715090429507,capitalize-first-letter|capitalize-last-letter|lowercase-first-letter|prev-item|next-capital-letter,
present-past+capitalize-first-letter,1,no_correction,0.0,0.7260715090429507,capitalize-first-letter|capitalize-last-letter|lowercase-first-letter|prev-item|next-capital-letter,
present-past+capitalize-first-letter,1,true_correction,0.0,0.7260715090429507,present-past|capitalize-first-letter,
present-past+capitalize-first-letter,1,z_only,0.0,,capitalize-first-letter|capitalize-last-letter|lowercase-first-letter|prev-item|next-capital-letter,
present-past+capitalize-first-letter,1,true_support,0.0,0.6937767298162887,present-past|capitalize-first-letter,
present-past+capitalize-first-letter,1,replace,0.98,,capitalize-first-letter|capitalize-last-letter|lowercase-first-letter|prev-item|next-capital-letter,
present-past+capitalize-first-letter,1,wrong_0,0.0,0.7260715090429507,verb-from-list|choose-first-of-list|alphabetically-first|animal-from-list|product-company,True
present-past+capitalize-first-letter,1,wrong_1,0.0,0.7260715090429507,alphabetically-first|verb-from-list|person-instrument|animal-from-list|choose-first-of-list,True
present-past+capitalize-first-letter,1,wrong_2,0.0,0.7260715090429507,alphabetically-first|country-capital|verb-from-list|fruit-from-list|choose-first-of-list,True
present-past+capitalize-first-letter,2,inferred,0.0,0.7706795487040209,capitalize-first-letter|capitalize-last-letter|lowercase-first-letter,
present-past+capitalize-first-letter,2,no_correction,0.0,0.7706795487040209,capitalize-first-letter|capitalize-last-letter|lowercase-first-letter,
present-past+capitalize-first-letter,2,true_correction,0.0,0.7706795487040209,present-past|capitalize-first-letter,
present-past+capitalize-first-letter,2,z_only,0.0,,capitalize-first-letter|capitalize-last-letter|lowercase-first-letter,
present-past+capitalize-first-letter,2,true_support,0.0,0.7353717385571765,present-past|capitalize-first-letter,
present-past+capitalize-first-letter,2,replace,0.96,,capitalize-first-letter|capitalize-last-letter|lowercase-first-letter,
present-past+capitalize-first-letter,2,wrong_0,0.0,0.7706795487040209,alphabetically-last|choose-first-of-list|animal-from-list,True
present-past+capitalize-first-letter,2,wrong_1,0.0,0.7706795487040209,alphabetically-first|verb-from-list|choose-first-of-list,True
present-past+capitalize-first-letter,2,wrong_2,0.0,0.7706795487040209,alphabetically-last|choose-first-of-list|verb-from-list,True
country-capital+word-length,0,inferred,0.0,0.24055330934141328,prev-item|next-capital-letter|word-length,
country-capital+word-length,0,no_correction,0.0,0.24055330934141328,prev-item|next-capital-letter|word-length,
country-capital+word-length,0,true_correction,0.0,0.24055330934141328,country-capital|word-length,
country-capital+word-length,0,z_only,0.0,,prev-item|next-capital-letter|word-length,
country-capital+word-length,0,true_support,0.0,0.11053777512766012,country-capital|word-length,
country-capital+word-length,0,replace,0.0,,prev-item|next-capital-letter|word-length,
country-capital+word-length,0,wrong_0,0.0,0.24055330934141328,next-item|verb-from-list|antonym,True
country-capital+word-length,0,wrong_1,0.0,0.24055330934141328,capitalize|person-instrument|english-spanish,True
country-capital+word-length,0,wrong_2,0.0,0.24055330934141328,next-item|choose-last-of-list|antonym,True
country-capital+word-length,1,inferred,0.0,0.0300813819814528,capitalize-first-letter|prev-item|word-length,
country-capital+word-length,1,no_correction,0.0,0.0300813819814528,capitalize-first-letter|prev-item|word-length,
country-capital+word-length,1,true_correction,0.0,0.0300813819814528,country-capital|word-length,
country-capital+word-length,1,z_only,0.0,,capitalize-first-letter|prev-item|word-length,
country-capital+word-length,1,true_support,0.0,0.045982147926488165,country-capital|word-length,
country-capital+word-length,1,replace,0.0,,capitalize-first-letter|prev-item|word-length,
country-capital+word-length,1,wrong_0,0.0,0.0300813819814528,person-occupation|next-capital-letter|choose-first-of-list,True
country-capital+word-length,1,wrong_1,0.0,0.0300813819814528,person-occupation|next-capital-letter|animal-from-list,True
country-capital+word-length,1,wrong_2,0.0,0.0300813819814528,product-company|capitalize-last-letter|singular-plural,True
country-capital+word-length,2,inferred,0.0,0.34731343797062675,lowercase-first-letter|prev-item|word-length,
country-capital+word-length,2,no_correction,0.0,0.34731343797062675,lowercase-first-letter|prev-item|word-length,
country-capital+word-length,2,true_correction,0.0,0.34731343797062675,country-capital|word-length,
country-capital+word-length,2,z_only,0.0,,lowercase-first-letter|prev-item|word-length,
country-capital+word-length,2,true_support,0.0,0.24081921462146838,country-capital|word-length,
country-capital+word-length,2,replace,0.0,,lowercase-first-letter|prev-item|word-length,
country-capital+word-length,2,wrong_0,0.0,0.34731343797062675,animal-from-list|present-past|next-capital-letter,True
country-capital+word-length,2,wrong_1,0.0,0.34731343797062675,english-spanish|person-instrument|animal-from-list,True
country-capital+word-length,2,wrong_2,0.0,0.34731343797062675,antonym|country-currency|next-capital-letter,True
country-capital+lowercase-first-letter,0,inferred,0.0,0.4694318895815094,capitalize-first-letter|capitalize-last-letter|lowercase-first-letter|next-capital-letter,
country-capital+lowercase-first-letter,0,no_correction,0.0,0.4694318895815094,capitalize-first-letter|capitalize-last-letter|lowercase-first-letter|next-capital-letter,
country-capital+lowercase-first-letter,0,true_correction,0.0,0.4694318895815094,country-capital|lowercase-first-letter,
country-capital+lowercase-first-letter,0,z_only,0.0,,capitalize-first-letter|capitalize-last-letter|lowercase-first-letter|next-capital-letter,
country-capital+lowercase-first-letter,0,true_support,0.0,0.41021237611838335,country-capital|lowercase-first-letter,
country-capital+lowercase-first-letter,0,replace,0.1,,capitalize-first-letter|capitalize-last-letter|lowercase-first-letter|next-capital-letter,
country-capital+lowercase-first-letter,0,wrong_0,0.0,0.4694318895815094,verb-from-list|choose-first-of-list|animal-from-list|alphabetically-last,True
country-capital+lowercase-first-letter,0,wrong_1,0.0,0.4694318895815094,alphabetically-last|verb-from-list|animal-from-list|choose-last-of-list,True
country-capital+lowercase-first-letter,0,wrong_2,0.0,0.4694318895815094,animal-from-list|verb-from-list|choose-middle-of-list|choose-first-of-list,False
country-capital+lowercase-first-letter,1,inferred,0.0,0.0,capitalize-first-letter|capitalize-last-letter|lowercase-first-letter|next-capital-letter|word-length,
country-capital+lowercase-first-letter,1,no_correction,0.0,0.0,capitalize-first-letter|capitalize-last-letter|lowercase-first-letter|next-capital-letter|word-length,
country-capital+lowercase-first-letter,1,true_correction,0.0,0.0,country-capital|lowercase-first-letter,
country-capital+lowercase-first-letter,1,z_only,0.0,,capitalize-first-letter|capitalize-last-letter|lowercase-first-letter|next-capital-letter|word-length,
country-capital+lowercase-first-letter,1,true_support,0.0,0.0,country-capital|lowercase-first-letter,
country-capital+lowercase-first-letter,1,replace,0.14,,capitalize-first-letter|capitalize-last-letter|lowercase-first-letter|next-capital-letter|word-length,
country-capital+lowercase-first-letter,1,wrong_0,0.0,0.0,animal-from-list|choose-last-of-list|fruit-from-list|alphabetically-first|capitalize,True
country-capital+lowercase-first-letter,1,wrong_1,0.0,0.0,verb-from-list|alphabetically-first|animal-from-list|choose-last-of-list|singular-plural,True
country-capital+lowercase-first-letter,1,wrong_2,0.0,0.0,choose-first-of-list|capitalize|verb-from-list|color-from-list|alphabetically-first,True
country-capital+lowercase-first-letter,2,inferred,0.0,0.0,capitalize-first-letter|capitalize-last-letter|lowercase-first-letter|next-capital-letter|word-length,
country-capital+lowercase-first-letter,2,no_correction,0.0,0.0,capitalize-first-letter|capitalize-last-letter|lowercase-first-letter|next-capital-letter|word-length,
country-capital+lowercase-first-letter,2,true_correction,0.0,0.0,country-capital|lowercase-first-letter,
country-capital+lowercase-first-letter,2,z_only,0.0,,capitalize-first-letter|capitalize-last-letter|lowercase-first-letter|next-capital-letter|word-length,
country-capital+lowercase-first-letter,2,true_support,0.0,0.0,country-capital|lowercase-first-letter,
country-capital+lowercase-first-letter,2,replace,0.1,,capitalize-first-letter|capitalize-last-letter|lowercase-first-letter|next-capital-letter|word-length,
country-capital+lowercase-first-letter,2,wrong_0,0.0,0.0,fruit-from-list|animal-from-list|alphabetically-first|capitalize|choose-first-of-list,True
country-capital+lowercase-first-letter,2,wrong_1,0.0,0.0,alphabetically-last|animal-from-list|choose-last-of-list|color-from-list|capitalize,True
country-capital+lowercase-first-letter,2,wrong_2,0.0,0.0,choose-last-of-list|color-from-list|alphabetically-last|choose-first-of-list|capitalize,True
