task,seed,cass,replace,true_support,zvec
antonym+capitalize,0,0.0,0.28,0.0,0.0
antonym+capitalize,1,0.0,0.3,0.0,0.02
antonym+capitalize,2,0.0,0.26,0.0,0.0
antonym+capitalize-first-letter,0,0.0,0.02,0.0,0.0
antonym+capitalize-first-letter,1,0.0,0.14,0.0,0.0
antonym+capitalize-first-letter,2,0.0,0.0,0.0,0.0
country-capital+lowercase-first-letter,0,0.0,0.1,0.0,0.0
country-capital+lowercase-first-letter,1,0.0,0.18,0.0,0.0
country-capital+lowercase-first-letter,2,0.0,0.1,0.0,0.0
country-capital+word-length,0,0.0,0.0,0.0,0.0
country-capital+word-length,1,0.0,0.0,0.0,0.0
country-capital+word-length,2,0.0,0.0,0.0,0.0
english-french+capitalize,0,0.06,0.06,0.04,0.06
english-french+capitalize,1,0.16,0.08,0.14,0.06
english-french+capitalize,2,0.06,0.06,0.1,0.08
next-item+capitalize,0,0.0588235294117647,0.2352941176470588,0.1470588235294117,0.1176470588235294
next-item+capitalize,1,0.1176470588235294,0.0588235294117647,0.1176470588235294,0.088235294117647
next-item+capitalize,2,0.2352941176470588,0.3235294117647059,0.2352941176470588,0.2058823529411764
present-past+capitalize,0,0.3,0.34,0.3,0.28
present-past+capitalize,1,0.14,0.34,0.46,0.36
present-past+capitalize,2,0.58,0.34,0.72,0.48
present-past+capitalize-first-letter,0,0.0,0.96,0.0,0.0
present-past+capitalize-first-letter,1,0.0,0.98,0.0,0.0
present-past+capitalize-first-letter,2,0.0,0.96,0.0,0.0
singular-plural+capitalize,0,0.84,0.22,0.82,0.74
singular-plural+capitalize,1,0.92,0.22,0.92,0.84
singular-plural+capitalize,2,0.78,0.22,0.76,0.64
synonym+capitalize,0,0.04,0.22,0.02,0.02
synonym+capitalize,1,0.04,0.2,0.02,0.02
synonym+capitalize,2,0.02,0.22,0.02,0.04
