size,task,acc,eps,support_size
5,antonym,0.472,0.8541399999999999,5.0
5,country-capital,0.808,0.84894,5.0
5,english-french,0.076,0.73441,5.0
5,next-item,0.42800000000000005,0.8407600000000001,5.0
5,person-sport,0.024,0.8257199999999999,5.0
5,present-past,0.812,0.7719199999999999,5.0
10,antonym,0.516,0.9123899999999999,4.0
10,country-capital,0.884,0.8706699999999999,4.6
10,english-french,0.152,0.75269,4.6
10,next-item,0.48,0.89564,3.8
10,person-sport,0.064,0.78198,3.9
10,present-past,0.852,0.78706,3.7
20,antonym,0.584,0.86621,4.3
20,country-capital,0.8960000000000001,0.8509499999999999,4.3
20,english-french,0.264,0.71455,3.7
20,next-item,0.5640000000000001,0.81684,4.0
20,person-sport,0.008,0.68916,4.8
20,present-past,0.924,0.75572,4.3
30,antonym,0.592,0.85802,4.5
30,country-capital,0.908,0.8576,4.5
30,english-french,0.276,0.72054,3.8
30,next-item,0.544,0.8157099999999999,3.9
30,person-sport,0.012,0.6665099999999999,4.9
30,present-past,0.9400000000000001,0.72956,4.7
40,antonym,0.576,0.8542400000000001,4.7
40,country-capital,0.908,0.8141,4.9
40,english-french,0.292,0.71567,4.1
40,next-item,0.42400000000000004,0.67682,3.0
40,person-sport,0.008,0.69893,5.0
40,present-past,0.9480000000000001,0.70583,4.8
46,antonym,0.5640000000000001,0.8675,4.5
46,country-capital,0.8880000000000001,0.80815,5.0
46,english-french,0.28,0.7104,4.0
46,next-item,0.404,0.6757000000000001,3.0
46,person-sport,0.04,0.7415,5.0
46,present-past,0.9400000000000001,0.6941499999999999,5.0
