task,mode,route,inferred,no_correction,replace,true_correction,true_support,wrong_matched,z_only
antonym+capitalize,unrouted,compose,0.0,0.006666666666666667,0.28,0.0,0.0,0.006666666666666667,0.006666666666666667
antonym+capitalize,fixed_route,compose,0.0,0.006666666666666667,0.28,0.0,0.0,0.006666666666666667,0.006666666666666667
antonym+capitalize-first-letter,unrouted,replace,0.0,0.0,0.05333333333333334,0.0,0.0,0.0,0.0
antonym+capitalize-first-letter,fixed_route,replace,0.05333333333333334,0.05333333333333334,0.05333333333333334,0.05333333333333334,0.05333333333333334,0.05333333333333334,0.05333333333333334
country-capital+lowercase-first-letter,unrouted,replace,0.0,0.0,0.11333333333333334,0.0,0.0,0.0,0.0
country-capital+lowercase-first-letter,fixed_route,replace,0.11333333333333334,0.11333333333333334,0.11333333333333334,0.11333333333333334,0.11333333333333334,0.11333333333333334,0.11333333333333334
country-capital+word-length,unrouted,replace,0.0,0.0,0.0,0.0,0.0,0.0,0.0
country-capital+word-length,fixed_route,replace,0.0,0.0,0.0,0.0,0.0,0.0,0.0
english-french+capitalize,unrouted,compose,0.11333333333333334,0.06,0.06666666666666667,0.07333333333333333,0.08666666666666667,0.06888888888888889,0.06
english-french+capitalize,fixed_route,compose,0.11333333333333334,0.06,0.06666666666666667,0.07333333333333333,0.08666666666666667,0.06888888888888889,0.06
next-item+capitalize,unrouted,replace,0.1568627450980392,0.1372549019607843,0.19607843137254902,0.16666666666666666,0.16666666666666666,0.1111111111111111,0.1372549019607843
next-item+capitalize,fixed_route,replace,0.19607843137254902,0.19607843137254902,0.19607843137254902,0.19607843137254902,0.19607843137254902,0.19607843137254902,0.19607843137254902
present-past+capitalize,unrouted,compose,0.36000000000000004,0.35333333333333333,0.34,0.5466666666666667,0.49333333333333335,0.21222222222222223,0.35333333333333333
present-past+capitalize,fixed_route,compose,0.36000000000000004,0.35333333333333333,0.34,0.5466666666666667,0.49333333333333335,0.21222222222222223,0.35333333333333333
present-past+capitalize-first-letter,unrouted,replace,0.0,0.0,0.9666666666666667,0.0,0.0,0.0,0.0
present-past+capitalize-first-letter,fixed_route,replace,0.9666666666666667,0.9666666666666667,0.9666666666666667,0.9666666666666667,0.9666666666666667,0.9666666666666667,0.9666666666666667
singular-plural+capitalize,unrouted,compose,0.8266666666666668,0.7200000000000001,0.22,0.8466666666666667,0.84,0.6011111111111112,0.7200000000000001
singular-plural+capitalize,fixed_route,compose,0.8266666666666668,0.7200000000000001,0.22,0.8466666666666667,0.84,0.6011111111111112,0.7200000000000001
synonym+capitalize,unrouted,replace,0.02,0.03333333333333333,0.22666666666666668,0.02,0.02,0.015555555555555557,0.03333333333333333
synonym+capitalize,fixed_route,replace,0.22666666666666668,0.22666666666666668,0.22666666666666668,0.22666666666666668,0.22666666666666668,0.22666666666666668,0.22666666666666668
