task,cass,replace,zvec,znorm,threshold,route,routed_cass,routed_zvec
adjective-adverb,0.7533333333333333,0.5266666666666667,0.6666666666666666,6.679413864893383,5.125,compose,0.7533333333333333,0.6666666666666666
adjective-comparative,0.0,0.006666666666666667,0.0,6.7125213793111085,5.125,compose,0.0,0.0
animal-baby,0.006666666666666667,0.52,0.006666666666666667,4.292092366400712,5.125,replace,0.52,0.52
capital-country,0.8541666666666666,0.5,0.875,6.572299842913975,5.125,compose,0.8541666666666666,0.875
country-continent,0.4466666666666666,0.7799999999999999,0.28,5.29214196117741,5.125,compose,0.4466666666666666,0.28
element-symbol,0.19333333333333333,0.3333333333333333,0.20666666666666667,3.978489103955862,5.125,replace,0.3333333333333333,0.3333333333333333
english-italian,0.30666666666666664,0.2733333333333334,0.04,5.644417822265268,5.125,compose,0.30666666666666664,0.04
english-portuguese,0.48,0.34,0.08,5.418555448835143,5.125,compose,0.48,0.08
french-english,0.64,0.7333333333333334,0.6733333333333333,5.834478316441571,5.125,compose,0.64,0.6733333333333333
fruit-color,0.09999999999999999,0.7400000000000001,0.09999999999999999,2.328052339828428,5.125,replace,0.7400000000000001,0.7400000000000001
number-plus-one,1.0,0.0,0.7599999999999999,7.406232013776543,5.125,compose,1.0,0.7599999999999999
past-present,0.5466666666666667,0.9133333333333334,0.6933333333333334,7.014508013209464,5.125,compose,0.5466666666666667,0.6933333333333334
profession-workplace,0.038095238095238036,0.2666666666666666,0.06666666666666664,4.758984436315232,5.125,replace,0.2666666666666666,0.2666666666666666
verb-gerund,0.03333333333333333,0.6466666666666666,0.08666666666666667,6.791522063655358,5.125,compose,0.03333333333333333,0.08666666666666667
word-last-letter,0.0,0.5066666666666667,0.0,2.1220175520232174,5.125,replace,0.5066666666666667,0.5066666666666667
