task,seed,cass,replace,zvec
adjective-adverb,0,0.76,0.52,0.64
adjective-adverb,1,0.74,0.54,0.68
adjective-adverb,2,0.76,0.52,0.68
adjective-comparative,0,0.0,0.0,0.0
adjective-comparative,1,0.0,0.0,0.0
adjective-comparative,2,0.0,0.02,0.0
animal-baby,0,0.0,0.52,0.0
animal-baby,1,0.02,0.5,0.02
animal-baby,2,0.0,0.54,0.0
capital-country,0,0.8333333333333334,0.5,0.8541666666666666
capital-country,1,0.8541666666666666,0.5,0.875
capital-country,2,0.875,0.5,0.8958333333333334
country-continent,0,0.6,0.78,0.5
country-continent,1,0.44,0.78,0.28
country-continent,2,0.3,0.78,0.06
element-symbol,0,0.0,0.22,0.02
element-symbol,1,0.0,0.38,0.02
element-symbol,2,0.58,0.4,0.58
english-italian,0,0.48,0.3,0.04
english-italian,1,0.08,0.26,0.0
english-italian,2,0.36,0.26,0.08
english-portuguese,0,0.52,0.34,0.12
english-portuguese,1,0.5,0.34,0.1
english-portuguese,2,0.42,0.34,0.02
french-english,0,0.72,0.72,0.72
french-english,1,0.66,0.74,0.68
french-english,2,0.54,0.74,0.62
fruit-color,0,0.16,0.76,0.16
fruit-color,1,0.08,0.78,0.08
fruit-color,2,0.06,0.68,0.06
number-plus-one,0,1.0,0.0,0.82
number-plus-one,1,1.0,0.0,0.72
number-plus-one,2,1.0,0.0,0.74
past-present,0,0.6,0.92,0.72
past-present,1,0.56,0.94,0.7
past-present,2,0.48,0.88,0.66
profession-workplace,0,0.0571428571428571,0.3142857142857143,0.0857142857142857
profession-workplace,1,0.0285714285714285,0.1428571428571428,0.0857142857142857
profession-workplace,2,0.0285714285714285,0.3428571428571428,0.0285714285714285
verb-gerund,0,0.02,0.64,0.04
verb-gerund,1,0.04,0.58,0.16
verb-gerund,2,0.04,0.72,0.06
word-last-letter,0,0.0,0.54,0.0
word-last-letter,1,0.0,0.42,0.0
word-last-letter,2,0.0,0.56,0.0
