task,method,n_queries,acc
antonym,zero_shot,50,0.04
antonym,icl4,50,0.56
antonym,pair_last1,50,0.46
antonym,pair_last4,50,0.32
antonym,pair_all_valid,50,0.0
antonym,single_14_last1,50,0.04
antonym,single_20_last1,50,0.46
present-past,zero_shot,50,0.02
present-past,icl4,50,0.94
present-past,pair_last1,50,0.02
present-past,pair_last4,50,0.0
present-past,pair_all_valid,50,0.0
present-past,single_14_last1,50,0.02
present-past,single_20_last1,50,0.02
country-capital,zero_shot,49,0.04081632653061224
country-capital,icl4,49,0.9183673469387755
country-capital,pair_last1,49,0.061224489795918366
country-capital,pair_last4,49,0.16326530612244897
country-capital,pair_all_valid,49,0.02040816326530612
country-capital,single_14_last1,49,0.02040816326530612
country-capital,single_20_last1,49,0.061224489795918366
person-sport,zero_shot,50,0.0
person-sport,icl4,50,0.84
person-sport,pair_last1,50,0.0
person-sport,pair_last4,50,0.0
person-sport,pair_all_valid,50,0.0
person-sport,single_14_last1,50,0.0
person-sport,single_20_last1,50,0.0
english-french,zero_shot,50,0.0
english-french,icl4,50,0.7
english-french,pair_last1,50,0.0
english-french,pair_last4,50,0.08
english-french,pair_all_valid,50,0.04
english-french,single_14_last1,50,0.0
english-french,single_20_last1,50,0.0
next-item,zero_shot,50,0.02
next-item,icl4,50,0.9
next-item,pair_last1,50,0.06
next-item,pair_last4,50,0.22
next-item,pair_all_valid,50,0.02
next-item,single_14_last1,50,0.02
next-item,single_20_last1,50,0.12
choose-first-of-list,zero_shot,50,0.04
choose-first-of-list,icl4,50,0.82
choose-first-of-list,pair_last1,50,0.08
choose-first-of-list,pair_last4,50,0.04
choose-first-of-list,pair_all_valid,50,0.2
choose-first-of-list,single_14_last1,50,0.0
choose-first-of-list,single_20_last1,50,0.46
animal-from-list,zero_shot,50,0.0
animal-from-list,icl4,50,0.8
animal-from-list,pair_last1,50,0.12
animal-from-list,pair_last4,50,0.2
animal-from-list,pair_all_valid,50,0.3
animal-from-list,single_14_last1,50,0.0
animal-from-list,single_20_last1,50,0.18
